INSERT INTO person (Person_number, First_name, Last_name, Class, Major) VALUES (1, "Margarito", "Button", 0, "Department");
INSERT INTO person (Person_number, First_name, Last_name, Class, Major) VALUES (2, "Kathi", "Carey", 0, "Department");
INSERT INTO person (Person_number, First_name, Last_name, Class, Major) VALUES (3, "Waylon", "Russo", 0, "Department");
INSERT INTO person (Person_number, First_name, Last_name, Class, Major) VALUES (4, "Carlo", "Coley", 0, "Department");
INSERT INTO person (Person_number, First_name, Last_name, Class, Major) VALUES (5, "Michale", "Stallworth", 0, "Department");
INSERT INTO person (Person_number, First_name, Last_name, Class, Major) VALUES (6, "Jaleesa", "Hammonds", 0, "Department");
INSERT INTO person (Person_number, First_name, Last_name, Class, Major) VALUES (7, "Herschel", "Upton", 2, "HIST");
INSERT INTO person (Person_number, First_name, Last_name, Class, Major) VALUES (8, "Vennie", "Aguilera", 4, "MATH");
INSERT INTO person (Person_number, First_name, Last_name, Class, Major) VALUES (9, "Barbie", "Barron", 2, "CS");
INSERT INTO person (Person_number, First_name, Last_name, Class, Major) VALUES (10, "Dione", "Mcclung", 3, "HIST");
INSERT INTO person (Person_number, First_name, Last_name, Class, Major) VALUES (11, "Celine", "Causey", 3, "THEO");
INSERT INTO person (Person_number, First_name, Last_name, Class, Major) VALUES (12, "Maybelle", "Wolford", 1, "HIST");
INSERT INTO person (Person_number, First_name, Last_name, Class, Major) VALUES (13, "Ashly", "Chung", 2, "MATH");
INSERT INTO person (Person_number, First_name, Last_name, Class, Major) VALUES (14, "Dot", "Waldron", 2, "HIST");
INSERT INTO person (Person_number, First_name, Last_name, Class, Major) VALUES (15, "Richie", "Shuman", 2, "MATH");
INSERT INTO person (Person_number, First_name, Last_name, Class, Major) VALUES (16, "Karan", "Benjamin", 2, "MATH");
INSERT INTO person (Person_number, First_name, Last_name, Class, Major) VALUES (17, "Alissa", "Corbett", 2, "CS");
INSERT INTO person (Person_number, First_name, Last_name, Class, Major) VALUES (18, "Malinda", "Nickerson", 2, "THEO");
INSERT INTO person (Person_number, First_name, Last_name, Class, Major) VALUES (19, "Yetta", "Dyson", 4, "CS");
INSERT INTO person (Person_number, First_name, Last_name, Class, Major) VALUES (20, "Willia", "Crisp", 2, "CS");
INSERT INTO person (Person_number, First_name, Last_name, Class, Major) VALUES (21, "Awilda", "Paredes", 3, "CS");
INSERT INTO person (Person_number, First_name, Last_name, Class, Major) VALUES (22, "Michal", "Eng", 4, "MATH");
INSERT INTO person (Person_number, First_name, Last_name, Class, Major) VALUES (23, "Allyn", "Pfeiffer", 3, "MATH");
INSERT INTO person (Person_number, First_name, Last_name, Class, Major) VALUES (24, "Alethia", "Trent", 1, "THEO");
INSERT INTO person (Person_number, First_name, Last_name, Class, Major) VALUES (25, "Virgina", "Tavares", 1, "CS");
INSERT INTO person (Person_number, First_name, Last_name, Class, Major) VALUES (26, "Nikia", "Vest", 1, "HIST");
INSERT INTO person (Person_number, First_name, Last_name, Class, Major) VALUES (27, "Tillie", "Hamblin", 1, "MATH");
INSERT INTO person (Person_number, First_name, Last_name, Class, Major) VALUES (28, "Lamont", "Fraley", 1, "HIST");
INSERT INTO person (Person_number, First_name, Last_name, Class, Major) VALUES (29, "Lincoln", "Pounds", 1, "CS");
INSERT INTO person (Person_number, First_name, Last_name, Class, Major) VALUES (30, "Kimbery", "Parson", 3, "THEO");
INSERT INTO person (Person_number, First_name, Last_name, Class, Major) VALUES (31, "Quyen", "Lovejoy", 1, "THEO");
INSERT INTO person (Person_number, First_name, Last_name, Class, Major) VALUES (32, "Macie", "Culbertson", 3, "HIST");
INSERT INTO person (Person_number, First_name, Last_name, Class, Major) VALUES (33, "Kendrick", "Hummel", 3, "HIST");
INSERT INTO person (Person_number, First_name, Last_name, Class, Major) VALUES (34, "Halina", "Passmore", 2, "HIST");
INSERT INTO person (Person_number, First_name, Last_name, Class, Major) VALUES (35, "Marquitta", "Dowd", 3, "THEO");
INSERT INTO person (Person_number, First_name, Last_name, Class, Major) VALUES (36, "Mayola", "Nowlin", 3, "MATH");
INSERT INTO person (Person_number, First_name, Last_name, Class, Major) VALUES (37, "Buddy", "Strong", 1, "MATH");
INSERT INTO person (Person_number, First_name, Last_name, Class, Major) VALUES (38, "Roxane", "Hartmann", 2, "HIST");
INSERT INTO person (Person_number, First_name, Last_name, Class, Major) VALUES (39, "Adell", "Delossantos", 2, "THEO");
INSERT INTO person (Person_number, First_name, Last_name, Class, Major) VALUES (40, "Laurel", "Samples", 3, "THEO");
INSERT INTO person (Person_number, First_name, Last_name, Class, Major) VALUES (41, "Clelia", "Dorman", 3, "HIST");
INSERT INTO person (Person_number, First_name, Last_name, Class, Major) VALUES (42, "Kasha", "Burks", 1, "CS");
INSERT INTO person (Person_number, First_name, Last_name, Class, Major) VALUES (43, "Kera", "Bethea", 2, "HIST");
INSERT INTO person (Person_number, First_name, Last_name, Class, Major) VALUES (44, "Kena", "Shoemaker", 2, "THEO");
INSERT INTO person (Person_number, First_name, Last_name, Class, Major) VALUES (45, "Mel", "Jaramillo", 4, "CS");
INSERT INTO person (Person_number, First_name, Last_name, Class, Major) VALUES (46, "Kassandra", "Maupin", 4, "HIST");
INSERT INTO person (Person_number, First_name, Last_name, Class, Major) VALUES (47, "Isiah", "Sturgeon", 4, "CS");
INSERT INTO person (Person_number, First_name, Last_name, Class, Major) VALUES (48, "Reita", "Holguin", 4, "THEO");
INSERT INTO person (Person_number, First_name, Last_name, Class, Major) VALUES (49, "Blossom", "Sorrell", 2, "MATH");
INSERT INTO person (Person_number, First_name, Last_name, Class, Major) VALUES (50, "Maida", "Sams", 2, "CS");




INSERT INTO enrollment (Student_number, Section_Identifier, Grade) VALUES (11, 5, "C");
INSERT INTO enrollment (Student_number, Section_Identifier, Grade) VALUES (14, 5, "F");
INSERT INTO enrollment (Student_number, Section_Identifier, Grade) VALUES (23, 5, "F");
INSERT INTO enrollment (Student_number, Section_Identifier, Grade) VALUES (15, 5, "A");
INSERT INTO enrollment (Student_number, Section_Identifier, Grade) VALUES (45, 5, "B");
INSERT INTO enrollment (Student_number, Section_Identifier, Grade) VALUES (39, 5, "C");
INSERT INTO enrollment (Student_number, Section_Identifier, Grade) VALUES (22, 5, "B");
INSERT INTO enrollment (Student_number, Section_Identifier, Grade) VALUES (11, 14, "F");
INSERT INTO enrollment (Student_number, Section_Identifier, Grade) VALUES (12, 14, "B");
INSERT INTO enrollment (Student_number, Section_Identifier, Grade) VALUES (36, 14, "A");
INSERT INTO enrollment (Student_number, Section_Identifier, Grade) VALUES (15, 14, "B");
INSERT INTO enrollment (Student_number, Section_Identifier, Grade) VALUES (22, 14, "F");
INSERT INTO enrollment (Student_number, Section_Identifier, Grade) VALUES (34, 14, "D");
INSERT INTO enrollment (Student_number, Section_Identifier, Grade) VALUES (21, 14, "B");
INSERT INTO enrollment (Student_number, Section_Identifier, Grade) VALUES (26, 14, "C");
INSERT INTO enrollment (Student_number, Section_Identifier, Grade) VALUES (22, 24, "B");
INSERT INTO enrollment (Student_number, Section_Identifier, Grade) VALUES (49, 24, "F");
INSERT INTO enrollment (Student_number, Section_Identifier, Grade) VALUES (18, 24, "C");
INSERT INTO enrollment (Student_number, Section_Identifier, Grade) VALUES (11, 24, "B");
INSERT INTO enrollment (Student_number, Section_Identifier, Grade) VALUES (47, 24, "F");
INSERT INTO enrollment (Student_number, Section_Identifier, Grade) VALUES (45, 35, "C");
INSERT INTO enrollment (Student_number, Section_Identifier, Grade) VALUES (48, 35, "D");
INSERT INTO enrollment (Student_number, Section_Identifier, Grade) VALUES (15, 35, "C");
INSERT INTO enrollment (Student_number, Section_Identifier, Grade) VALUES (47, 41, "D");
INSERT INTO enrollment (Student_number, Section_Identifier, Grade) VALUES (10, 41, "B");
INSERT INTO enrollment (Student_number, Section_Identifier, Grade) VALUES (23, 41, "A");
INSERT INTO enrollment (Student_number, Section_Identifier, Grade) VALUES (34, 41, "D");
INSERT INTO enrollment (Student_number, Section_Identifier, Grade) VALUES (40, 41, "A");
INSERT INTO enrollment (Student_number, Section_Identifier, Grade) VALUES (27, 41, "F");
INSERT INTO enrollment (Student_number, Section_Identifier, Grade) VALUES (36, 41, "C");
INSERT INTO enrollment (Student_number, Section_Identifier, Grade) VALUES (33, 41, "F");
INSERT INTO enrollment (Student_number, Section_Identifier, Grade) VALUES (17, 41, "F");
INSERT INTO enrollment (Student_number, Section_Identifier, Grade) VALUES (30, 53, "B");
INSERT INTO enrollment (Student_number, Section_Identifier, Grade) VALUES (12, 53, "A");
INSERT INTO enrollment (Student_number, Section_Identifier, Grade) VALUES (21, 53, "D");
INSERT INTO enrollment (Student_number, Section_Identifier, Grade) VALUES (14, 53, "A");
INSERT INTO enrollment (Student_number, Section_Identifier, Grade) VALUES (29, 53, "D");
INSERT INTO enrollment (Student_number, Section_Identifier, Grade) VALUES (31, 53, "F");
INSERT INTO enrollment (Student_number, Section_Identifier, Grade) VALUES (21, 62, "B");
INSERT INTO enrollment (Student_number, Section_Identifier, Grade) VALUES (43, 62, "C");
INSERT INTO enrollment (Student_number, Section_Identifier, Grade) VALUES (33, 62, "C");
INSERT INTO enrollment (Student_number, Section_Identifier, Grade) VALUES (38, 62, "D");
INSERT INTO enrollment (Student_number, Section_Identifier, Grade) VALUES (41, 62, "D");
INSERT INTO enrollment (Student_number, Section_Identifier, Grade) VALUES (11, 78, "D");
INSERT INTO enrollment (Student_number, Section_Identifier, Grade) VALUES (25, 78, "F");
INSERT INTO enrollment (Student_number, Section_Identifier, Grade) VALUES (48, 78, "D");
INSERT INTO enrollment (Student_number, Section_Identifier, Grade) VALUES (19, 89, "D");
INSERT INTO enrollment (Student_number, Section_Identifier, Grade) VALUES (18, 89, "B");
INSERT INTO enrollment (Student_number, Section_Identifier, Grade) VALUES (10, 89, "C");
INSERT INTO enrollment (Student_number, Section_Identifier, Grade) VALUES (19, 89, "D");
INSERT INTO enrollment (Student_number, Section_Identifier, Grade) VALUES (34, 96, "C");
INSERT INTO enrollment (Student_number, Section_Identifier, Grade) VALUES (39, 96, "C");
INSERT INTO enrollment (Student_number, Section_Identifier, Grade) VALUES (44, 96, "C");
INSERT INTO enrollment (Student_number, Section_Identifier, Grade) VALUES (11, 96, "B");
INSERT INTO enrollment (Student_number, Section_Identifier, Grade) VALUES (45, 96, "A");
INSERT INTO enrollment (Student_number, Section_Identifier, Grade) VALUES (31, 96, "B");
INSERT INTO enrollment (Student_number, Section_Identifier, Grade) VALUES (46, 96, "A");
INSERT INTO enrollment (Student_number, Section_Identifier, Grade) VALUES (13, 96, "F");
INSERT INTO enrollment (Student_number, Section_Identifier, Grade) VALUES (41, 96, "D");
INSERT INTO enrollment (Student_number, Section_Identifier, Grade) VALUES (32, 101, "F");
INSERT INTO enrollment (Student_number, Section_Identifier, Grade) VALUES (15, 101, "B");
INSERT INTO enrollment (Student_number, Section_Identifier, Grade) VALUES (23, 101, "D");
INSERT INTO enrollment (Student_number, Section_Identifier, Grade) VALUES (14, 113, "D");
INSERT INTO enrollment (Student_number, Section_Identifier, Grade) VALUES (35, 113, "A");
INSERT INTO enrollment (Student_number, Section_Identifier, Grade) VALUES (32, 113, "D");
INSERT INTO enrollment (Student_number, Section_Identifier, Grade) VALUES (12, 113, "F");
INSERT INTO enrollment (Student_number, Section_Identifier, Grade) VALUES (29, 113, "B");
INSERT INTO enrollment (Student_number, Section_Identifier, Grade) VALUES (47, 113, "D");
INSERT INTO enrollment (Student_number, Section_Identifier, Grade) VALUES (13, 113, "B");
INSERT INTO enrollment (Student_number, Section_Identifier, Grade) VALUES (42, 113, "A");
INSERT INTO enrollment (Student_number, Section_Identifier, Grade) VALUES (31, 127, "A");
INSERT INTO enrollment (Student_number, Section_Identifier, Grade) VALUES (16, 127, "C");
INSERT INTO enrollment (Student_number, Section_Identifier, Grade) VALUES (39, 127, "B");
INSERT INTO enrollment (Student_number, Section_Identifier, Grade) VALUES (31, 133, "C");
INSERT INTO enrollment (Student_number, Section_Identifier, Grade) VALUES (39, 133, "F");
INSERT INTO enrollment (Student_number, Section_Identifier, Grade) VALUES (15, 133, "A");
INSERT INTO enrollment (Student_number, Section_Identifier, Grade) VALUES (33, 133, "F");
INSERT INTO enrollment (Student_number, Section_Identifier, Grade) VALUES (16, 145, "C");
INSERT INTO enrollment (Student_number, Section_Identifier, Grade) VALUES (13, 145, "A");
INSERT INTO enrollment (Student_number, Section_Identifier, Grade) VALUES (10, 145, "B");
INSERT INTO enrollment (Student_number, Section_Identifier, Grade) VALUES (25, 156, "F");
INSERT INTO enrollment (Student_number, Section_Identifier, Grade) VALUES (21, 156, "B");
INSERT INTO enrollment (Student_number, Section_Identifier, Grade) VALUES (28, 156, "C");
INSERT INTO enrollment (Student_number, Section_Identifier, Grade) VALUES (17, 164, "C");
INSERT INTO enrollment (Student_number, Section_Identifier, Grade) VALUES (38, 164, "A");
INSERT INTO enrollment (Student_number, Section_Identifier, Grade) VALUES (40, 164, "A");
INSERT INTO enrollment (Student_number, Section_Identifier, Grade) VALUES (32, 164, "B");
INSERT INTO enrollment (Student_number, Section_Identifier, Grade) VALUES (24, 164, "C");
INSERT INTO enrollment (Student_number, Section_Identifier, Grade) VALUES (20, 164, "A");
INSERT INTO enrollment (Student_number, Section_Identifier, Grade) VALUES (11, 164, "A");
INSERT INTO enrollment (Student_number, Section_Identifier, Grade) VALUES (19, 164, "D");
INSERT INTO enrollment (Student_number, Section_Identifier, Grade) VALUES (25, 164, "A");
INSERT INTO enrollment (Student_number, Section_Identifier, Grade) VALUES (17, 176, "D");
INSERT INTO enrollment (Student_number, Section_Identifier, Grade) VALUES (35, 176, "C");
INSERT INTO enrollment (Student_number, Section_Identifier, Grade) VALUES (44, 176, "D");
INSERT INTO enrollment (Student_number, Section_Identifier, Grade) VALUES (49, 176, "C");
INSERT INTO enrollment (Student_number, Section_Identifier, Grade) VALUES (27, 176, "F");
INSERT INTO enrollment (Student_number, Section_Identifier, Grade) VALUES (42, 176, "B");
INSERT INTO enrollment (Student_number, Section_Identifier, Grade) VALUES (12, 176, "B");
INSERT INTO enrollment (Student_number, Section_Identifier, Grade) VALUES (14, 176, "C");
INSERT INTO enrollment (Student_number, Section_Identifier, Grade) VALUES (25, 187, "B");
INSERT INTO enrollment (Student_number, Section_Identifier, Grade) VALUES (18, 187, "D");
INSERT INTO enrollment (Student_number, Section_Identifier, Grade) VALUES (21, 187, "B");
INSERT INTO enrollment (Student_number, Section_Identifier, Grade) VALUES (17, 187, "D");
INSERT INTO enrollment (Student_number, Section_Identifier, Grade) VALUES (50, 187, "B");
INSERT INTO enrollment (Student_number, Section_Identifier, Grade) VALUES (41, 187, "B");
INSERT INTO enrollment (Student_number, Section_Identifier, Grade) VALUES (37, 194, "F");
INSERT INTO enrollment (Student_number, Section_Identifier, Grade) VALUES (44, 194, "D");
INSERT INTO enrollment (Student_number, Section_Identifier, Grade) VALUES (25, 194, "A");
INSERT INTO enrollment (Student_number, Section_Identifier, Grade) VALUES (32, 194, "C");
INSERT INTO enrollment (Student_number, Section_Identifier, Grade) VALUES (24, 194, "D");
INSERT INTO enrollment (Student_number, Section_Identifier, Grade) VALUES (19, 194, "B");
INSERT INTO enrollment (Student_number, Section_Identifier, Grade) VALUES (10, 194, "B");
INSERT INTO enrollment (Student_number, Section_Identifier, Grade) VALUES (14, 194, "C");
INSERT INTO enrollment (Student_number, Section_Identifier, Grade) VALUES (42, 194, "D");





INSERT INTO course (Course_name, Department, Course_number, Credit_hours) VALUES ("Intro to Computer Science", "CS", 3770, 3);
INSERT INTO course (Course_name, Department, Course_number, Credit_hours) VALUES ("Data Structures", "CS", 7680, 4);
INSERT INTO course (Course_name, Department, Course_number, Credit_hours) VALUES ("Database", "CS", 8620, 3);
INSERT INTO course (Course_name, Department, Course_number, Credit_hours) VALUES ("Christ and the Moral Life", "THEO", 6640, 3);
INSERT INTO course (Course_name, Department, Course_number, Credit_hours) VALUES ("Teachings of the Catholic Church", "THEO", 5690, 3);
INSERT INTO course (Course_name, Department, Course_number, Credit_hours) VALUES ("Theology of the Body", "THEO", 4020, 4);
INSERT INTO course (Course_name, Department, Course_number, Credit_hours) VALUES ("World History I", "HIST", 5060, 3);
INSERT INTO course (Course_name, Department, Course_number, Credit_hours) VALUES ("World History II", "HIST", 7940, 4);
INSERT INTO course (Course_name, Department, Course_number, Credit_hours) VALUES ("American History I", "HIST", 2320, 4);
INSERT INTO course (Course_name, Department, Course_number, Credit_hours) VALUES ("American History II", "HIST", 4780, 4);
INSERT INTO course (Course_name, Department, Course_number, Credit_hours) VALUES ("Space History", "HIST", 3100, 4);
INSERT INTO course (Course_name, Department, Course_number, Credit_hours) VALUES ("Linear Algebra", "MATH", 1280, 4);
INSERT INTO course (Course_name, Department, Course_number, Credit_hours) VALUES ("Calculus I", "MATH", 9840, 3);
INSERT INTO course (Course_name, Department, Course_number, Credit_hours) VALUES ("Calculus II", "MATH", 5870, 4);
INSERT INTO course (Course_name, Department, Course_number, Credit_hours) VALUES ("Calculus III", "MATH", 8770, 3);
INSERT INTO course (Course_name, Department, Course_number, Credit_hours) VALUES ("Discrete Mathematics", "MATH", 9530, 4);




INSERT INTO section (Section_identifier, Department, Course_number, Semester, Year, Instructor) VALUES (5, "CS", 3770, "Fall", 2016, "Kathi Carey");
INSERT INTO section (Section_identifier, Department, Course_number, Semester, Year, Instructor) VALUES (14, "CS", 7680, "Fall", 2016, "Carlo Coley");
INSERT INTO section (Section_identifier, Department, Course_number, Semester, Year, Instructor) VALUES (24, "CS", 8620, "Fall", 2017, "Waylon Russo");
INSERT INTO section (Section_identifier, Department, Course_number, Semester, Year, Instructor) VALUES (35, "THEO", 6640, "Spring", 2016, "Waylon Russo");
INSERT INTO section (Section_identifier, Department, Course_number, Semester, Year, Instructor) VALUES (41, "THEO", 5690, "Fall", 2016, "Margarito Button");
INSERT INTO section (Section_identifier, Department, Course_number, Semester, Year, Instructor) VALUES (53, "THEO", 4020, "Spring", 2017, "Carlo Coley");
INSERT INTO section (Section_identifier, Department, Course_number, Semester, Year, Instructor) VALUES (62, "HIST", 5060, "Spring", 2017, "Kathi Carey");
INSERT INTO section (Section_identifier, Department, Course_number, Semester, Year, Instructor) VALUES (78, "HIST", 7940, "Fall", 2017, "Waylon Russo");
INSERT INTO section (Section_identifier, Department, Course_number, Semester, Year, Instructor) VALUES (89, "HIST", 2320, "Fall", 2016, "Margarito Button");
INSERT INTO section (Section_identifier, Department, Course_number, Semester, Year, Instructor) VALUES (96, "HIST", 4780, "Fall", 2016, "Jaleesa Hammonds");
INSERT INTO section (Section_identifier, Department, Course_number, Semester, Year, Instructor) VALUES (101, "HIST", 3100, "Spring", 2017, "Waylon Russo");
INSERT INTO section (Section_identifier, Department, Course_number, Semester, Year, Instructor) VALUES (113, "MATH", 1280, "Fall", 2017, "Michale Stallworth");
INSERT INTO section (Section_identifier, Department, Course_number, Semester, Year, Instructor) VALUES (127, "MATH", 9840, "Spring", 2017, "Waylon Russo");
INSERT INTO section (Section_identifier, Department, Course_number, Semester, Year, Instructor) VALUES (133, "MATH", 5870, "Fall", 2016, "Margarito Button");
INSERT INTO section (Section_identifier, Department, Course_number, Semester, Year, Instructor) VALUES (145, "MATH", 8770, "Fall", 2017, "Carlo Coley");
INSERT INTO section (Section_identifier, Department, Course_number, Semester, Year, Instructor) VALUES (156, "MATH", 9530, "Fall", 2016, "Kathi Carey");
INSERT INTO section (Section_identifier, Department, Course_number, Semester, Year, Instructor) VALUES (164, "CS", 7680, "Fall", 2017, "Waylon Russo");
INSERT INTO section (Section_identifier, Department, Course_number, Semester, Year, Instructor) VALUES (176, "THEO", 6640, "Spring", 2017, "Kathi Carey");
INSERT INTO section (Section_identifier, Department, Course_number, Semester, Year, Instructor) VALUES (187, "MATH", 5870, "Spring", 2016, "Margarito Button");
INSERT INTO section (Section_identifier, Department, Course_number, Semester, Year, Instructor) VALUES (194, "HIST", 4780, "Spring", 2017, "Waylon Russo");




INSERT INTO prerequisite (Department, Course_number, Prereq_department, Prereq_course_number) VALUES ("CS", 7680, "CS", 3770);
INSERT INTO prerequisite (Department, Course_number, Prereq_department, Prereq_course_number) VALUES ("CS", 8620, "CS", 7680);
INSERT INTO prerequisite (Department, Course_number, Prereq_department, Prereq_course_number) VALUES ("THEO", 6640, "THEO", 5690);
INSERT INTO prerequisite (Department, Course_number, Prereq_department, Prereq_course_number) VALUES ("THEO", 4020, "THEO", 6640);
INSERT INTO prerequisite (Department, Course_number, Prereq_department, Prereq_course_number) VALUES ("HIST", 7940, "HIST", 5060);
INSERT INTO prerequisite (Department, Course_number, Prereq_department, Prereq_course_number) VALUES ("HIST", 4780, "HIST", 2320);
INSERT INTO prerequisite (Department, Course_number, Prereq_department, Prereq_course_number) VALUES ("MATH", 5870, "MATH", 9840);
INSERT INTO prerequisite (Department, Course_number, Prereq_department, Prereq_course_number) VALUES ("MATH", 8770, "MATH", 5870);
INSERT INTO prerequisite (Department, Course_number, Prereq_department, Prereq_course_number) VALUES ("MATH", 9530, "MATH", 8770);