INSERT INTO person (Person_number, Name, Class, Major) VALUES (1, "Margarito Button", 0, "Department");
INSERT INTO person (Person_number, Name, Class, Major) VALUES (2, "Kathi Carey", 0, "Department");
INSERT INTO person (Person_number, Name, Class, Major) VALUES (3, "Waylon Russo", 0, "Department");
INSERT INTO person (Person_number, Name, Class, Major) VALUES (4, "Carlo Coley", 0, "Department");
INSERT INTO person (Person_number, Name, Class, Major) VALUES (5, "Michale Stallworth", 0, "Department");
INSERT INTO person (Person_number, Name, Class, Major) VALUES (6, "Jaleesa Hammonds", 0, "Department");
INSERT INTO person (Person_number, Name, Class, Major) VALUES (7, "Herschel Upton", 3, "THEO");
INSERT INTO person (Person_number, Name, Class, Major) VALUES (8, "Vennie Aguilera", 2, "CS");
INSERT INTO person (Person_number, Name, Class, Major) VALUES (9, "Barbie Barron", 2, "THEO");
INSERT INTO person (Person_number, Name, Class, Major) VALUES (10, "Dione Mcclung", 2, "MATH");
INSERT INTO person (Person_number, Name, Class, Major) VALUES (11, "Celine Causey", 2, "CS");
INSERT INTO person (Person_number, Name, Class, Major) VALUES (12, "Maybelle Wolford", 1, "THEO");
INSERT INTO person (Person_number, Name, Class, Major) VALUES (13, "Ashly Chung", 3, "MATH");
INSERT INTO person (Person_number, Name, Class, Major) VALUES (14, "Dot Waldron", 4, "HIST");
INSERT INTO person (Person_number, Name, Class, Major) VALUES (15, "Richie Shuman", 1, "HIST");
INSERT INTO person (Person_number, Name, Class, Major) VALUES (16, "Karan Benjamin", 1, "HIST");
INSERT INTO person (Person_number, Name, Class, Major) VALUES (17, "Alissa Corbett", 1, "THEO");
INSERT INTO person (Person_number, Name, Class, Major) VALUES (18, "Malinda Nickerson", 1, "MATH");
INSERT INTO person (Person_number, Name, Class, Major) VALUES (19, "Yetta Dyson", 2, "THEO");
INSERT INTO person (Person_number, Name, Class, Major) VALUES (20, "Willia Crisp", 1, "THEO");
INSERT INTO person (Person_number, Name, Class, Major) VALUES (21, "Awilda Paredes", 3, "THEO");
INSERT INTO person (Person_number, Name, Class, Major) VALUES (22, "Michal Eng", 3, "MATH");
INSERT INTO person (Person_number, Name, Class, Major) VALUES (23, "Allyn Pfeiffer", 1, "CS");
INSERT INTO person (Person_number, Name, Class, Major) VALUES (24, "Alethia Trent", 2, "MATH");
INSERT INTO person (Person_number, Name, Class, Major) VALUES (25, "Virgina Tavares", 1, "MATH");
INSERT INTO person (Person_number, Name, Class, Major) VALUES (26, "Nikia Vest", 2, "MATH");
INSERT INTO person (Person_number, Name, Class, Major) VALUES (27, "Tillie Hamblin", 2, "MATH");
INSERT INTO person (Person_number, Name, Class, Major) VALUES (28, "Lamont Fraley", 3, "CS");
INSERT INTO person (Person_number, Name, Class, Major) VALUES (29, "Lincoln Pounds", 1, "MATH");
INSERT INTO person (Person_number, Name, Class, Major) VALUES (30, "Kimbery Parson", 3, "MATH");
INSERT INTO person (Person_number, Name, Class, Major) VALUES (31, "Quyen Lovejoy", 2, "CS");
INSERT INTO person (Person_number, Name, Class, Major) VALUES (32, "Macie Culbertson", 2, "HIST");
INSERT INTO person (Person_number, Name, Class, Major) VALUES (33, "Kendrick Hummel", 3, "MATH");
INSERT INTO person (Person_number, Name, Class, Major) VALUES (34, "Halina Passmore", 2, "MATH");
INSERT INTO person (Person_number, Name, Class, Major) VALUES (35, "Marquitta Dowd", 3, "THEO");
INSERT INTO person (Person_number, Name, Class, Major) VALUES (36, "Mayola Nowlin", 1, "MATH");
INSERT INTO person (Person_number, Name, Class, Major) VALUES (37, "Buddy Strong", 1, "THEO");
INSERT INTO person (Person_number, Name, Class, Major) VALUES (38, "Roxane Hartmann", 2, "CS");
INSERT INTO person (Person_number, Name, Class, Major) VALUES (39, "Adell Delossantos", 4, "CS");
INSERT INTO person (Person_number, Name, Class, Major) VALUES (40, "Laurel Samples", 4, "THEO");
INSERT INTO person (Person_number, Name, Class, Major) VALUES (41, "Clelia Dorman", 3, "MATH");
INSERT INTO person (Person_number, Name, Class, Major) VALUES (42, "Kasha Burks", 1, "MATH");
INSERT INTO person (Person_number, Name, Class, Major) VALUES (43, "Kera Bethea", 4, "MATH");
INSERT INTO person (Person_number, Name, Class, Major) VALUES (44, "Kena Shoemaker", 2, "THEO");
INSERT INTO person (Person_number, Name, Class, Major) VALUES (45, "Mel Jaramillo", 3, "MATH");
INSERT INTO person (Person_number, Name, Class, Major) VALUES (46, "Kassandra Maupin", 1, "MATH");
INSERT INTO person (Person_number, Name, Class, Major) VALUES (47, "Isiah Sturgeon", 1, "CS");
INSERT INTO person (Person_number, Name, Class, Major) VALUES (48, "Reita Holguin", 4, "CS");
INSERT INTO person (Person_number, Name, Class, Major) VALUES (49, "Blossom Sorrell", 4, "HIST");
INSERT INTO person (Person_number, Name, Class, Major) VALUES (50, "Maida Sams", 1, "CS");




INSERT INTO enrollment (Student_number, Section_Identifier, Grade) VALUES (9, 5, "C");
INSERT INTO enrollment (Student_number, Section_Identifier, Grade) VALUES (49, 5, "A");
INSERT INTO enrollment (Student_number, Section_Identifier, Grade) VALUES (16, 5, "A");
INSERT INTO enrollment (Student_number, Section_Identifier, Grade) VALUES (50, 5, "B");
INSERT INTO enrollment (Student_number, Section_Identifier, Grade) VALUES (34, 5, "B");
INSERT INTO enrollment (Student_number, Section_Identifier, Grade) VALUES (7, 14, "D");
INSERT INTO enrollment (Student_number, Section_Identifier, Grade) VALUES (28, 14, "C");
INSERT INTO enrollment (Student_number, Section_Identifier, Grade) VALUES (3, 14, "A");
INSERT INTO enrollment (Student_number, Section_Identifier, Grade) VALUES (25, 14, "B");
INSERT INTO enrollment (Student_number, Section_Identifier, Grade) VALUES (41, 14, "B");
INSERT INTO enrollment (Student_number, Section_Identifier, Grade) VALUES (14, 14, "D");
INSERT INTO enrollment (Student_number, Section_Identifier, Grade) VALUES (29, 14, "B");
INSERT INTO enrollment (Student_number, Section_Identifier, Grade) VALUES (27, 14, "D");
INSERT INTO enrollment (Student_number, Section_Identifier, Grade) VALUES (39, 14, "B");
INSERT INTO enrollment (Student_number, Section_Identifier, Grade) VALUES (13, 24, "C");
INSERT INTO enrollment (Student_number, Section_Identifier, Grade) VALUES (1, 24, "A");
INSERT INTO enrollment (Student_number, Section_Identifier, Grade) VALUES (5, 24, "D");
INSERT INTO enrollment (Student_number, Section_Identifier, Grade) VALUES (45, 24, "B");
INSERT INTO enrollment (Student_number, Section_Identifier, Grade) VALUES (23, 24, "B");
INSERT INTO enrollment (Student_number, Section_Identifier, Grade) VALUES (50, 24, "F");
INSERT INTO enrollment (Student_number, Section_Identifier, Grade) VALUES (6, 24, "F");
INSERT INTO enrollment (Student_number, Section_Identifier, Grade) VALUES (11, 24, "B");
INSERT INTO enrollment (Student_number, Section_Identifier, Grade) VALUES (40, 24, "A");
INSERT INTO enrollment (Student_number, Section_Identifier, Grade) VALUES (3, 35, "A");
INSERT INTO enrollment (Student_number, Section_Identifier, Grade) VALUES (13, 35, "C");
INSERT INTO enrollment (Student_number, Section_Identifier, Grade) VALUES (20, 35, "F");
INSERT INTO enrollment (Student_number, Section_Identifier, Grade) VALUES (36, 41, "D");
INSERT INTO enrollment (Student_number, Section_Identifier, Grade) VALUES (3, 41, "A");
INSERT INTO enrollment (Student_number, Section_Identifier, Grade) VALUES (28, 41, "D");
INSERT INTO enrollment (Student_number, Section_Identifier, Grade) VALUES (34, 41, "C");
INSERT INTO enrollment (Student_number, Section_Identifier, Grade) VALUES (36, 53, "A");
INSERT INTO enrollment (Student_number, Section_Identifier, Grade) VALUES (7, 53, "C");
INSERT INTO enrollment (Student_number, Section_Identifier, Grade) VALUES (38, 53, "F");
INSERT INTO enrollment (Student_number, Section_Identifier, Grade) VALUES (46, 62, "A");
INSERT INTO enrollment (Student_number, Section_Identifier, Grade) VALUES (31, 62, "C");
INSERT INTO enrollment (Student_number, Section_Identifier, Grade) VALUES (12, 62, "F");
INSERT INTO enrollment (Student_number, Section_Identifier, Grade) VALUES (3, 62, "B");
INSERT INTO enrollment (Student_number, Section_Identifier, Grade) VALUES (26, 62, "C");
INSERT INTO enrollment (Student_number, Section_Identifier, Grade) VALUES (5, 78, "F");
INSERT INTO enrollment (Student_number, Section_Identifier, Grade) VALUES (12, 78, "C");
INSERT INTO enrollment (Student_number, Section_Identifier, Grade) VALUES (12, 78, "B");
INSERT INTO enrollment (Student_number, Section_Identifier, Grade) VALUES (18, 78, "C");
INSERT INTO enrollment (Student_number, Section_Identifier, Grade) VALUES (24, 78, "C");
INSERT INTO enrollment (Student_number, Section_Identifier, Grade) VALUES (22, 78, "D");
INSERT INTO enrollment (Student_number, Section_Identifier, Grade) VALUES (2, 78, "A");
INSERT INTO enrollment (Student_number, Section_Identifier, Grade) VALUES (9, 78, "D");
INSERT INTO enrollment (Student_number, Section_Identifier, Grade) VALUES (17, 78, "F");
INSERT INTO enrollment (Student_number, Section_Identifier, Grade) VALUES (37, 89, "C");
INSERT INTO enrollment (Student_number, Section_Identifier, Grade) VALUES (17, 89, "A");
INSERT INTO enrollment (Student_number, Section_Identifier, Grade) VALUES (26, 89, "D");
INSERT INTO enrollment (Student_number, Section_Identifier, Grade) VALUES (9, 89, "C");
INSERT INTO enrollment (Student_number, Section_Identifier, Grade) VALUES (5, 89, "D");
INSERT INTO enrollment (Student_number, Section_Identifier, Grade) VALUES (1, 89, "F");
INSERT INTO enrollment (Student_number, Section_Identifier, Grade) VALUES (28, 89, "A");
INSERT INTO enrollment (Student_number, Section_Identifier, Grade) VALUES (48, 96, "D");
INSERT INTO enrollment (Student_number, Section_Identifier, Grade) VALUES (1, 96, "C");
INSERT INTO enrollment (Student_number, Section_Identifier, Grade) VALUES (11, 96, "C");
INSERT INTO enrollment (Student_number, Section_Identifier, Grade) VALUES (41, 96, "F");
INSERT INTO enrollment (Student_number, Section_Identifier, Grade) VALUES (35, 96, "F");
INSERT INTO enrollment (Student_number, Section_Identifier, Grade) VALUES (8, 96, "B");
INSERT INTO enrollment (Student_number, Section_Identifier, Grade) VALUES (16, 96, "F");
INSERT INTO enrollment (Student_number, Section_Identifier, Grade) VALUES (21, 96, "F");
INSERT INTO enrollment (Student_number, Section_Identifier, Grade) VALUES (34, 96, "C");
INSERT INTO enrollment (Student_number, Section_Identifier, Grade) VALUES (17, 101, "B");
INSERT INTO enrollment (Student_number, Section_Identifier, Grade) VALUES (34, 101, "C");
INSERT INTO enrollment (Student_number, Section_Identifier, Grade) VALUES (49, 101, "F");
INSERT INTO enrollment (Student_number, Section_Identifier, Grade) VALUES (21, 101, "B");
INSERT INTO enrollment (Student_number, Section_Identifier, Grade) VALUES (39, 101, "D");
INSERT INTO enrollment (Student_number, Section_Identifier, Grade) VALUES (32, 101, "A");
INSERT INTO enrollment (Student_number, Section_Identifier, Grade) VALUES (13, 101, "B");
INSERT INTO enrollment (Student_number, Section_Identifier, Grade) VALUES (1, 101, "F");
INSERT INTO enrollment (Student_number, Section_Identifier, Grade) VALUES (24, 101, "C");
INSERT INTO enrollment (Student_number, Section_Identifier, Grade) VALUES (38, 113, "D");
INSERT INTO enrollment (Student_number, Section_Identifier, Grade) VALUES (1, 113, "D");
INSERT INTO enrollment (Student_number, Section_Identifier, Grade) VALUES (12, 113, "F");
INSERT INTO enrollment (Student_number, Section_Identifier, Grade) VALUES (44, 113, "B");
INSERT INTO enrollment (Student_number, Section_Identifier, Grade) VALUES (19, 113, "C");
INSERT INTO enrollment (Student_number, Section_Identifier, Grade) VALUES (31, 113, "C");
INSERT INTO enrollment (Student_number, Section_Identifier, Grade) VALUES (48, 113, "A");
INSERT INTO enrollment (Student_number, Section_Identifier, Grade) VALUES (10, 113, "A");
INSERT INTO enrollment (Student_number, Section_Identifier, Grade) VALUES (36, 113, "D");
INSERT INTO enrollment (Student_number, Section_Identifier, Grade) VALUES (17, 127, "A");
INSERT INTO enrollment (Student_number, Section_Identifier, Grade) VALUES (47, 127, "B");
INSERT INTO enrollment (Student_number, Section_Identifier, Grade) VALUES (42, 127, "F");
INSERT INTO enrollment (Student_number, Section_Identifier, Grade) VALUES (19, 127, "C");
INSERT INTO enrollment (Student_number, Section_Identifier, Grade) VALUES (33, 127, "D");
INSERT INTO enrollment (Student_number, Section_Identifier, Grade) VALUES (37, 127, "D");
INSERT INTO enrollment (Student_number, Section_Identifier, Grade) VALUES (2, 127, "F");
INSERT INTO enrollment (Student_number, Section_Identifier, Grade) VALUES (38, 127, "A");
INSERT INTO enrollment (Student_number, Section_Identifier, Grade) VALUES (33, 127, "B");
INSERT INTO enrollment (Student_number, Section_Identifier, Grade) VALUES (18, 133, "A");
INSERT INTO enrollment (Student_number, Section_Identifier, Grade) VALUES (28, 133, "B");
INSERT INTO enrollment (Student_number, Section_Identifier, Grade) VALUES (48, 133, "A");
INSERT INTO enrollment (Student_number, Section_Identifier, Grade) VALUES (29, 133, "C");
INSERT INTO enrollment (Student_number, Section_Identifier, Grade) VALUES (26, 133, "B");
INSERT INTO enrollment (Student_number, Section_Identifier, Grade) VALUES (26, 133, "B");
INSERT INTO enrollment (Student_number, Section_Identifier, Grade) VALUES (15, 133, "C");
INSERT INTO enrollment (Student_number, Section_Identifier, Grade) VALUES (24, 145, "F");
INSERT INTO enrollment (Student_number, Section_Identifier, Grade) VALUES (9, 145, "A");
INSERT INTO enrollment (Student_number, Section_Identifier, Grade) VALUES (24, 145, "F");
INSERT INTO enrollment (Student_number, Section_Identifier, Grade) VALUES (43, 145, "B");
INSERT INTO enrollment (Student_number, Section_Identifier, Grade) VALUES (16, 145, "C");
INSERT INTO enrollment (Student_number, Section_Identifier, Grade) VALUES (46, 145, "B");
INSERT INTO enrollment (Student_number, Section_Identifier, Grade) VALUES (47, 145, "F");
INSERT INTO enrollment (Student_number, Section_Identifier, Grade) VALUES (30, 145, "C");
INSERT INTO enrollment (Student_number, Section_Identifier, Grade) VALUES (40, 145, "A");
INSERT INTO enrollment (Student_number, Section_Identifier, Grade) VALUES (49, 156, "A");
INSERT INTO enrollment (Student_number, Section_Identifier, Grade) VALUES (46, 156, "B");
INSERT INTO enrollment (Student_number, Section_Identifier, Grade) VALUES (14, 156, "D");
INSERT INTO enrollment (Student_number, Section_Identifier, Grade) VALUES (9, 156, "D");
INSERT INTO enrollment (Student_number, Section_Identifier, Grade) VALUES (4, 156, "D");
INSERT INTO enrollment (Student_number, Section_Identifier, Grade) VALUES (13, 164, "C");
INSERT INTO enrollment (Student_number, Section_Identifier, Grade) VALUES (19, 164, "A");
INSERT INTO enrollment (Student_number, Section_Identifier, Grade) VALUES (23, 164, "D");
INSERT INTO enrollment (Student_number, Section_Identifier, Grade) VALUES (1, 164, "B");
INSERT INTO enrollment (Student_number, Section_Identifier, Grade) VALUES (4, 164, "C");
INSERT INTO enrollment (Student_number, Section_Identifier, Grade) VALUES (13, 164, "D");
INSERT INTO enrollment (Student_number, Section_Identifier, Grade) VALUES (1, 164, "B");
INSERT INTO enrollment (Student_number, Section_Identifier, Grade) VALUES (28, 164, "B");
INSERT INTO enrollment (Student_number, Section_Identifier, Grade) VALUES (47, 176, "D");
INSERT INTO enrollment (Student_number, Section_Identifier, Grade) VALUES (48, 176, "F");
INSERT INTO enrollment (Student_number, Section_Identifier, Grade) VALUES (33, 176, "C");
INSERT INTO enrollment (Student_number, Section_Identifier, Grade) VALUES (50, 176, "F");
INSERT INTO enrollment (Student_number, Section_Identifier, Grade) VALUES (3, 176, "C");
INSERT INTO enrollment (Student_number, Section_Identifier, Grade) VALUES (46, 176, "D");
INSERT INTO enrollment (Student_number, Section_Identifier, Grade) VALUES (49, 176, "D");
INSERT INTO enrollment (Student_number, Section_Identifier, Grade) VALUES (12, 176, "C");
INSERT INTO enrollment (Student_number, Section_Identifier, Grade) VALUES (47, 176, "A");
INSERT INTO enrollment (Student_number, Section_Identifier, Grade) VALUES (43, 187, "B");
INSERT INTO enrollment (Student_number, Section_Identifier, Grade) VALUES (37, 187, "A");
INSERT INTO enrollment (Student_number, Section_Identifier, Grade) VALUES (36, 187, "A");
INSERT INTO enrollment (Student_number, Section_Identifier, Grade) VALUES (31, 187, "D");
INSERT INTO enrollment (Student_number, Section_Identifier, Grade) VALUES (4, 187, "F");
INSERT INTO enrollment (Student_number, Section_Identifier, Grade) VALUES (32, 187, "D");
INSERT INTO enrollment (Student_number, Section_Identifier, Grade) VALUES (38, 187, "C");
INSERT INTO enrollment (Student_number, Section_Identifier, Grade) VALUES (38, 187, "C");
INSERT INTO enrollment (Student_number, Section_Identifier, Grade) VALUES (4, 187, "F");
INSERT INTO enrollment (Student_number, Section_Identifier, Grade) VALUES (38, 194, "A");
INSERT INTO enrollment (Student_number, Section_Identifier, Grade) VALUES (4, 194, "D");
INSERT INTO enrollment (Student_number, Section_Identifier, Grade) VALUES (12, 194, "C");
INSERT INTO enrollment (Student_number, Section_Identifier, Grade) VALUES (11, 194, "F");
INSERT INTO enrollment (Student_number, Section_Identifier, Grade) VALUES (24, 194, "F");
INSERT INTO enrollment (Student_number, Section_Identifier, Grade) VALUES (48, 194, "D");





INSERT INTO course (Course_name, Department, Course_number, Credit_hours) VALUES ("Intro to Computer Science", "CS", 3770, 3);
INSERT INTO course (Course_name, Department, Course_number, Credit_hours) VALUES ("Data Structures", "CS", 7680, 4);
INSERT INTO course (Course_name, Department, Course_number, Credit_hours) VALUES ("Database", "CS", 8620, 3);
INSERT INTO course (Course_name, Department, Course_number, Credit_hours) VALUES ("Christ and the Moral Life", "THEO", 6640, 3);
INSERT INTO course (Course_name, Department, Course_number, Credit_hours) VALUES ("Teachings of the Catholic Church", "THEO", 5690, 3);
INSERT INTO course (Course_name, Department, Course_number, Credit_hours) VALUES ("Theology of the Body", "THEO", 4020, 4);
INSERT INTO course (Course_name, Department, Course_number, Credit_hours) VALUES ("World History I", "HIST", 5060, 3);
INSERT INTO course (Course_name, Department, Course_number, Credit_hours) VALUES ("World History II", "HIST", 7940, 4);
INSERT INTO course (Course_name, Department, Course_number, Credit_hours) VALUES ("American History I", "HIST", 2320, 4);
INSERT INTO course (Course_name, Department, Course_number, Credit_hours) VALUES ("American History II", "HIST", 4780, 4);
INSERT INTO course (Course_name, Department, Course_number, Credit_hours) VALUES ("Space History", "HIST", 3100, 4);
INSERT INTO course (Course_name, Department, Course_number, Credit_hours) VALUES ("Linear Algebra", "MATH", 1280, 4);
INSERT INTO course (Course_name, Department, Course_number, Credit_hours) VALUES ("Calculus I", "MATH", 9840, 3);
INSERT INTO course (Course_name, Department, Course_number, Credit_hours) VALUES ("Calculus II", "MATH", 5870, 4);
INSERT INTO course (Course_name, Department, Course_number, Credit_hours) VALUES ("Calculus III", "MATH", 8770, 3);
INSERT INTO course (Course_name, Department, Course_number, Credit_hours) VALUES ("Discrete Mathematics", "MATH", 9530, 4);




INSERT INTO section (Section_identifier, Department, Course_number, Semester, Year, Instructor) VALUES (5, "CS", 3770, "Fall", 2016, "Kathi Carey");
INSERT INTO section (Section_identifier, Department, Course_number, Semester, Year, Instructor) VALUES (14, "CS", 7680, "Fall", 2016, "Carlo Coley");
INSERT INTO section (Section_identifier, Department, Course_number, Semester, Year, Instructor) VALUES (24, "CS", 8620, "Fall", 2017, "Waylon Russo");
INSERT INTO section (Section_identifier, Department, Course_number, Semester, Year, Instructor) VALUES (35, "THEO", 6640, "Spring", 2016, "Waylon Russo");
INSERT INTO section (Section_identifier, Department, Course_number, Semester, Year, Instructor) VALUES (41, "THEO", 5690, "Fall", 2016, "Margarito Button");
INSERT INTO section (Section_identifier, Department, Course_number, Semester, Year, Instructor) VALUES (53, "THEO", 4020, "Spring", 2017, "Carlo Coley");
INSERT INTO section (Section_identifier, Department, Course_number, Semester, Year, Instructor) VALUES (62, "HIST", 5060, "Spring", 2017, "Kathi Carey");
INSERT INTO section (Section_identifier, Department, Course_number, Semester, Year, Instructor) VALUES (78, "HIST", 7940, "Fall", 2017, "Waylon Russo");
INSERT INTO section (Section_identifier, Department, Course_number, Semester, Year, Instructor) VALUES (89, "HIST", 2320, "Fall", 2016, "Margarito Button");
INSERT INTO section (Section_identifier, Department, Course_number, Semester, Year, Instructor) VALUES (96, "HIST", 4780, "Fall", 2016, "Jaleesa Hammonds");
INSERT INTO section (Section_identifier, Department, Course_number, Semester, Year, Instructor) VALUES (101, "HIST", 3100, "Spring", 2017, "Waylon Russo");
INSERT INTO section (Section_identifier, Department, Course_number, Semester, Year, Instructor) VALUES (113, "MATH", 1280, "Fall", 2017, "Michale Stallworth");
INSERT INTO section (Section_identifier, Department, Course_number, Semester, Year, Instructor) VALUES (127, "MATH", 9840, "Spring", 2017, "Waylon Russo");
INSERT INTO section (Section_identifier, Department, Course_number, Semester, Year, Instructor) VALUES (133, "MATH", 5870, "Fall", 2016, "Margarito Button");
INSERT INTO section (Section_identifier, Department, Course_number, Semester, Year, Instructor) VALUES (145, "MATH", 8770, "Fall", 2017, "Carlo Coley");
INSERT INTO section (Section_identifier, Department, Course_number, Semester, Year, Instructor) VALUES (156, "MATH", 9530, "Fall", 2016, "Kathi Carey");
INSERT INTO section (Section_identifier, Department, Course_number, Semester, Year, Instructor) VALUES (164, "CS", 7680, "Fall", 2017, "Waylon Russo");
INSERT INTO section (Section_identifier, Department, Course_number, Semester, Year, Instructor) VALUES (176, "THEO", 6640, "Spring", 2017, "Kathi Carey");
INSERT INTO section (Section_identifier, Department, Course_number, Semester, Year, Instructor) VALUES (187, "MATH", 5870, "Spring", 2016, "Margarito Button");
INSERT INTO section (Section_identifier, Department, Course_number, Semester, Year, Instructor) VALUES (194, "HIST", 4780, "Spring", 2017, "Waylon Russo");




INSERT INTO prerequisite (Department, Course_number, Prereq_department, Prereq_course_number) VALUES ("CS", 7680, "CS", 3770);
INSERT INTO prerequisite (Department, Course_number, Prereq_department, Prereq_course_number) VALUES ("CS", 8620, "CS", 7680);
INSERT INTO prerequisite (Department, Course_number, Prereq_department, Prereq_course_number) VALUES ("THEO", 6640, "THEO", 5690);
INSERT INTO prerequisite (Department, Course_number, Prereq_department, Prereq_course_number) VALUES ("THEO", 4020, "THEO", 6640);
INSERT INTO prerequisite (Department, Course_number, Prereq_department, Prereq_course_number) VALUES ("HIST", 7940, "HIST", 5060);
INSERT INTO prerequisite (Department, Course_number, Prereq_department, Prereq_course_number) VALUES ("HIST", 4780, "HIST", 2320);
INSERT INTO prerequisite (Department, Course_number, Prereq_department, Prereq_course_number) VALUES ("MATH", 5870, "MATH", 9840);
INSERT INTO prerequisite (Department, Course_number, Prereq_department, Prereq_course_number) VALUES ("MATH", 8770, "MATH", 5870);
INSERT INTO prerequisite (Department, Course_number, Prereq_department, Prereq_course_number) VALUES ("MATH", 9530, "MATH", 8770);