INSERT INTO person (Person_number, Name, Class, Major) VALUES (1, Margarito Button, 0, Department);
INSERT INTO person (Person_number, Name, Class, Major) VALUES (2, Kathi Carey, 0, Department);
INSERT INTO person (Person_number, Name, Class, Major) VALUES (3, Waylon Russo, 0, Department);
INSERT INTO person (Person_number, Name, Class, Major) VALUES (4, Carlo Coley, 0, Department);
INSERT INTO person (Person_number, Name, Class, Major) VALUES (5, Michale Stallworth, 0, Department);
INSERT INTO person (Person_number, Name, Class, Major) VALUES (6, Jaleesa Hammonds, 0, Department);
INSERT INTO person (Person_number, Name, Class, Major) VALUES (7, Herschel Upton, 1, CS);
INSERT INTO person (Person_number, Name, Class, Major) VALUES (8, Vennie Aguilera, 4, HIST);
INSERT INTO person (Person_number, Name, Class, Major) VALUES (9, Barbie Barron, 1, MATH);
INSERT INTO person (Person_number, Name, Class, Major) VALUES (10, Dione Mcclung, 2, THEO);
INSERT INTO person (Person_number, Name, Class, Major) VALUES (11, Celine Causey, 3, CS);
INSERT INTO person (Person_number, Name, Class, Major) VALUES (12, Maybelle Wolford, 4, HIST);
INSERT INTO person (Person_number, Name, Class, Major) VALUES (13, Ashly Chung, 1, CS);
INSERT INTO person (Person_number, Name, Class, Major) VALUES (14, Dot Waldron, 3, HIST);
INSERT INTO person (Person_number, Name, Class, Major) VALUES (15, Richie Shuman, 3, CS);
INSERT INTO person (Person_number, Name, Class, Major) VALUES (16, Karan Benjamin, 3, THEO);
INSERT INTO person (Person_number, Name, Class, Major) VALUES (17, Alissa Corbett, 3, MATH);
INSERT INTO person (Person_number, Name, Class, Major) VALUES (18, Malinda Nickerson, 4, CS);
INSERT INTO person (Person_number, Name, Class, Major) VALUES (19, Yetta Dyson, 4, MATH);
INSERT INTO person (Person_number, Name, Class, Major) VALUES (20, Willia Crisp, 4, HIST);
INSERT INTO person (Person_number, Name, Class, Major) VALUES (21, Awilda Paredes, 4, CS);
INSERT INTO person (Person_number, Name, Class, Major) VALUES (22, Michal Eng, 3, CS);
INSERT INTO person (Person_number, Name, Class, Major) VALUES (23, Allyn Pfeiffer, 3, MATH);
INSERT INTO person (Person_number, Name, Class, Major) VALUES (24, Alethia Trent, 3, THEO);
INSERT INTO person (Person_number, Name, Class, Major) VALUES (25, Virgina Tavares, 4, MATH);
INSERT INTO person (Person_number, Name, Class, Major) VALUES (26, Nikia Vest, 1, THEO);
INSERT INTO person (Person_number, Name, Class, Major) VALUES (27, Tillie Hamblin, 4, MATH);
INSERT INTO person (Person_number, Name, Class, Major) VALUES (28, Lamont Fraley, 4, MATH);
INSERT INTO person (Person_number, Name, Class, Major) VALUES (29, Lincoln Pounds, 3, HIST);
INSERT INTO person (Person_number, Name, Class, Major) VALUES (30, Kimbery Parson, 4, THEO);
INSERT INTO person (Person_number, Name, Class, Major) VALUES (31, Quyen Lovejoy, 4, MATH);
INSERT INTO person (Person_number, Name, Class, Major) VALUES (32, Macie Culbertson, 3, CS);
INSERT INTO person (Person_number, Name, Class, Major) VALUES (33, Kendrick Hummel, 1, MATH);
INSERT INTO person (Person_number, Name, Class, Major) VALUES (34, Halina Passmore, 4, CS);
INSERT INTO person (Person_number, Name, Class, Major) VALUES (35, Marquitta Dowd, 3, HIST);
INSERT INTO person (Person_number, Name, Class, Major) VALUES (36, Mayola Nowlin, 4, CS);
INSERT INTO person (Person_number, Name, Class, Major) VALUES (37, Buddy Strong, 1, HIST);
INSERT INTO person (Person_number, Name, Class, Major) VALUES (38, Roxane Hartmann, 4, MATH);
INSERT INTO person (Person_number, Name, Class, Major) VALUES (39, Adell Delossantos, 1, MATH);
INSERT INTO person (Person_number, Name, Class, Major) VALUES (40, Laurel Samples, 3, HIST);
INSERT INTO person (Person_number, Name, Class, Major) VALUES (41, Clelia Dorman, 1, MATH);
INSERT INTO person (Person_number, Name, Class, Major) VALUES (42, Kasha Burks, 3, HIST);
INSERT INTO person (Person_number, Name, Class, Major) VALUES (43, Kera Bethea, 1, HIST);
INSERT INTO person (Person_number, Name, Class, Major) VALUES (44, Kena Shoemaker, 2, MATH);
INSERT INTO person (Person_number, Name, Class, Major) VALUES (45, Mel Jaramillo, 1, MATH);
INSERT INTO person (Person_number, Name, Class, Major) VALUES (46, Kassandra Maupin, 3, HIST);
INSERT INTO person (Person_number, Name, Class, Major) VALUES (47, Isiah Sturgeon, 3, MATH);
INSERT INTO person (Person_number, Name, Class, Major) VALUES (48, Reita Holguin, 2, HIST);
INSERT INTO person (Person_number, Name, Class, Major) VALUES (49, Blossom Sorrell, 3, HIST);
INSERT INTO person (Person_number, Name, Class, Major) VALUES (50, Maida Sams, 4, MATH);




INSERT INTO enrollment (Student_number, Section_Identifier, Grade) VALUES (8, 5, D);
INSERT INTO enrollment (Student_number, Section_Identifier, Grade) VALUES (20, 5, F);
INSERT INTO enrollment (Student_number, Section_Identifier, Grade) VALUES (29, 5, C);
INSERT INTO enrollment (Student_number, Section_Identifier, Grade) VALUES (17, 5, C);
INSERT INTO enrollment (Student_number, Section_Identifier, Grade) VALUES (20, 14, D);
INSERT INTO enrollment (Student_number, Section_Identifier, Grade) VALUES (34, 14, A);
INSERT INTO enrollment (Student_number, Section_Identifier, Grade) VALUES (21, 14, A);
INSERT INTO enrollment (Student_number, Section_Identifier, Grade) VALUES (13, 14, F);
INSERT INTO enrollment (Student_number, Section_Identifier, Grade) VALUES (24, 14, D);
INSERT INTO enrollment (Student_number, Section_Identifier, Grade) VALUES (37, 14, F);
INSERT INTO enrollment (Student_number, Section_Identifier, Grade) VALUES (23, 14, A);
INSERT INTO enrollment (Student_number, Section_Identifier, Grade) VALUES (45, 14, F);
INSERT INTO enrollment (Student_number, Section_Identifier, Grade) VALUES (22, 14, C);
INSERT INTO enrollment (Student_number, Section_Identifier, Grade) VALUES (21, 24, D);
INSERT INTO enrollment (Student_number, Section_Identifier, Grade) VALUES (31, 24, D);
INSERT INTO enrollment (Student_number, Section_Identifier, Grade) VALUES (36, 24, B);
INSERT INTO enrollment (Student_number, Section_Identifier, Grade) VALUES (38, 24, F);
INSERT INTO enrollment (Student_number, Section_Identifier, Grade) VALUES (46, 24, F);
INSERT INTO enrollment (Student_number, Section_Identifier, Grade) VALUES (39, 24, C);
INSERT INTO enrollment (Student_number, Section_Identifier, Grade) VALUES (46, 24, B);
INSERT INTO enrollment (Student_number, Section_Identifier, Grade) VALUES (14, 24, C);
INSERT INTO enrollment (Student_number, Section_Identifier, Grade) VALUES (48, 24, C);
INSERT INTO enrollment (Student_number, Section_Identifier, Grade) VALUES (6, 35, D);
INSERT INTO enrollment (Student_number, Section_Identifier, Grade) VALUES (46, 35, D);
INSERT INTO enrollment (Student_number, Section_Identifier, Grade) VALUES (2, 35, F);
INSERT INTO enrollment (Student_number, Section_Identifier, Grade) VALUES (24, 35, D);
INSERT INTO enrollment (Student_number, Section_Identifier, Grade) VALUES (18, 35, A);
INSERT INTO enrollment (Student_number, Section_Identifier, Grade) VALUES (21, 35, C);
INSERT INTO enrollment (Student_number, Section_Identifier, Grade) VALUES (26, 35, D);
INSERT INTO enrollment (Student_number, Section_Identifier, Grade) VALUES (23, 35, A);
INSERT INTO enrollment (Student_number, Section_Identifier, Grade) VALUES (40, 35, C);
INSERT INTO enrollment (Student_number, Section_Identifier, Grade) VALUES (15, 41, B);
INSERT INTO enrollment (Student_number, Section_Identifier, Grade) VALUES (3, 41, D);
INSERT INTO enrollment (Student_number, Section_Identifier, Grade) VALUES (15, 41, D);
INSERT INTO enrollment (Student_number, Section_Identifier, Grade) VALUES (16, 41, D);
INSERT INTO enrollment (Student_number, Section_Identifier, Grade) VALUES (27, 41, F);
INSERT INTO enrollment (Student_number, Section_Identifier, Grade) VALUES (48, 41, A);
INSERT INTO enrollment (Student_number, Section_Identifier, Grade) VALUES (40, 53, B);
INSERT INTO enrollment (Student_number, Section_Identifier, Grade) VALUES (29, 53, A);
INSERT INTO enrollment (Student_number, Section_Identifier, Grade) VALUES (11, 53, C);
INSERT INTO enrollment (Student_number, Section_Identifier, Grade) VALUES (41, 53, F);
INSERT INTO enrollment (Student_number, Section_Identifier, Grade) VALUES (50, 53, B);
INSERT INTO enrollment (Student_number, Section_Identifier, Grade) VALUES (34, 53, C);
INSERT INTO enrollment (Student_number, Section_Identifier, Grade) VALUES (35, 62, D);
INSERT INTO enrollment (Student_number, Section_Identifier, Grade) VALUES (23, 62, A);
INSERT INTO enrollment (Student_number, Section_Identifier, Grade) VALUES (45, 62, B);
INSERT INTO enrollment (Student_number, Section_Identifier, Grade) VALUES (31, 62, D);
INSERT INTO enrollment (Student_number, Section_Identifier, Grade) VALUES (10, 62, D);
INSERT INTO enrollment (Student_number, Section_Identifier, Grade) VALUES (3, 62, F);
INSERT INTO enrollment (Student_number, Section_Identifier, Grade) VALUES (23, 62, F);
INSERT INTO enrollment (Student_number, Section_Identifier, Grade) VALUES (22, 62, A);
INSERT INTO enrollment (Student_number, Section_Identifier, Grade) VALUES (24, 78, D);
INSERT INTO enrollment (Student_number, Section_Identifier, Grade) VALUES (47, 78, D);
INSERT INTO enrollment (Student_number, Section_Identifier, Grade) VALUES (3, 78, F);
INSERT INTO enrollment (Student_number, Section_Identifier, Grade) VALUES (20, 78, C);
INSERT INTO enrollment (Student_number, Section_Identifier, Grade) VALUES (8, 78, C);
INSERT INTO enrollment (Student_number, Section_Identifier, Grade) VALUES (2, 78, B);
INSERT INTO enrollment (Student_number, Section_Identifier, Grade) VALUES (5, 78, F);
INSERT INTO enrollment (Student_number, Section_Identifier, Grade) VALUES (4, 89, D);
INSERT INTO enrollment (Student_number, Section_Identifier, Grade) VALUES (48, 89, F);
INSERT INTO enrollment (Student_number, Section_Identifier, Grade) VALUES (46, 89, D);
INSERT INTO enrollment (Student_number, Section_Identifier, Grade) VALUES (31, 89, A);
INSERT INTO enrollment (Student_number, Section_Identifier, Grade) VALUES (27, 89, B);
INSERT INTO enrollment (Student_number, Section_Identifier, Grade) VALUES (48, 89, D);
INSERT INTO enrollment (Student_number, Section_Identifier, Grade) VALUES (17, 89, C);
INSERT INTO enrollment (Student_number, Section_Identifier, Grade) VALUES (42, 96, F);
INSERT INTO enrollment (Student_number, Section_Identifier, Grade) VALUES (7, 96, A);
INSERT INTO enrollment (Student_number, Section_Identifier, Grade) VALUES (40, 96, D);
INSERT INTO enrollment (Student_number, Section_Identifier, Grade) VALUES (44, 96, C);
INSERT INTO enrollment (Student_number, Section_Identifier, Grade) VALUES (14, 101, F);
INSERT INTO enrollment (Student_number, Section_Identifier, Grade) VALUES (10, 101, B);
INSERT INTO enrollment (Student_number, Section_Identifier, Grade) VALUES (46, 101, A);
INSERT INTO enrollment (Student_number, Section_Identifier, Grade) VALUES (45, 101, F);
INSERT INTO enrollment (Student_number, Section_Identifier, Grade) VALUES (30, 101, B);
INSERT INTO enrollment (Student_number, Section_Identifier, Grade) VALUES (42, 101, F);
INSERT INTO enrollment (Student_number, Section_Identifier, Grade) VALUES (27, 101, D);
INSERT INTO enrollment (Student_number, Section_Identifier, Grade) VALUES (37, 101, A);
INSERT INTO enrollment (Student_number, Section_Identifier, Grade) VALUES (1, 113, A);
INSERT INTO enrollment (Student_number, Section_Identifier, Grade) VALUES (32, 113, B);
INSERT INTO enrollment (Student_number, Section_Identifier, Grade) VALUES (35, 113, B);
INSERT INTO enrollment (Student_number, Section_Identifier, Grade) VALUES (42, 113, B);
INSERT INTO enrollment (Student_number, Section_Identifier, Grade) VALUES (29, 113, C);
INSERT INTO enrollment (Student_number, Section_Identifier, Grade) VALUES (49, 113, A);
INSERT INTO enrollment (Student_number, Section_Identifier, Grade) VALUES (15, 113, C);
INSERT INTO enrollment (Student_number, Section_Identifier, Grade) VALUES (31, 127, B);
INSERT INTO enrollment (Student_number, Section_Identifier, Grade) VALUES (36, 127, F);
INSERT INTO enrollment (Student_number, Section_Identifier, Grade) VALUES (44, 127, B);
INSERT INTO enrollment (Student_number, Section_Identifier, Grade) VALUES (21, 127, F);
INSERT INTO enrollment (Student_number, Section_Identifier, Grade) VALUES (12, 127, C);
INSERT INTO enrollment (Student_number, Section_Identifier, Grade) VALUES (2, 127, F);
INSERT INTO enrollment (Student_number, Section_Identifier, Grade) VALUES (31, 127, B);
INSERT INTO enrollment (Student_number, Section_Identifier, Grade) VALUES (24, 133, B);
INSERT INTO enrollment (Student_number, Section_Identifier, Grade) VALUES (50, 133, A);
INSERT INTO enrollment (Student_number, Section_Identifier, Grade) VALUES (32, 133, A);
INSERT INTO enrollment (Student_number, Section_Identifier, Grade) VALUES (41, 133, D);
INSERT INTO enrollment (Student_number, Section_Identifier, Grade) VALUES (49, 133, A);
INSERT INTO enrollment (Student_number, Section_Identifier, Grade) VALUES (33, 133, B);
INSERT INTO enrollment (Student_number, Section_Identifier, Grade) VALUES (2, 145, A);
INSERT INTO enrollment (Student_number, Section_Identifier, Grade) VALUES (33, 145, B);
INSERT INTO enrollment (Student_number, Section_Identifier, Grade) VALUES (2, 145, B);
INSERT INTO enrollment (Student_number, Section_Identifier, Grade) VALUES (22, 145, A);
INSERT INTO enrollment (Student_number, Section_Identifier, Grade) VALUES (37, 145, A);
INSERT INTO enrollment (Student_number, Section_Identifier, Grade) VALUES (18, 145, D);
INSERT INTO enrollment (Student_number, Section_Identifier, Grade) VALUES (1, 145, F);
INSERT INTO enrollment (Student_number, Section_Identifier, Grade) VALUES (5, 145, C);
INSERT INTO enrollment (Student_number, Section_Identifier, Grade) VALUES (43, 156, B);
INSERT INTO enrollment (Student_number, Section_Identifier, Grade) VALUES (6, 156, F);
INSERT INTO enrollment (Student_number, Section_Identifier, Grade) VALUES (34, 156, D);
INSERT INTO enrollment (Student_number, Section_Identifier, Grade) VALUES (2, 156, B);
INSERT INTO enrollment (Student_number, Section_Identifier, Grade) VALUES (6, 156, D);
INSERT INTO enrollment (Student_number, Section_Identifier, Grade) VALUES (28, 156, B);
INSERT INTO enrollment (Student_number, Section_Identifier, Grade) VALUES (1, 156, A);
INSERT INTO enrollment (Student_number, Section_Identifier, Grade) VALUES (2, 156, C);
INSERT INTO enrollment (Student_number, Section_Identifier, Grade) VALUES (32, 164, D);
INSERT INTO enrollment (Student_number, Section_Identifier, Grade) VALUES (8, 164, C);
INSERT INTO enrollment (Student_number, Section_Identifier, Grade) VALUES (36, 164, D);
INSERT INTO enrollment (Student_number, Section_Identifier, Grade) VALUES (14, 164, F);
INSERT INTO enrollment (Student_number, Section_Identifier, Grade) VALUES (4, 164, F);
INSERT INTO enrollment (Student_number, Section_Identifier, Grade) VALUES (43, 164, A);
INSERT INTO enrollment (Student_number, Section_Identifier, Grade) VALUES (29, 164, B);
INSERT INTO enrollment (Student_number, Section_Identifier, Grade) VALUES (40, 164, C);
INSERT INTO enrollment (Student_number, Section_Identifier, Grade) VALUES (48, 164, B);
INSERT INTO enrollment (Student_number, Section_Identifier, Grade) VALUES (26, 176, F);
INSERT INTO enrollment (Student_number, Section_Identifier, Grade) VALUES (19, 176, F);
INSERT INTO enrollment (Student_number, Section_Identifier, Grade) VALUES (45, 176, A);
INSERT INTO enrollment (Student_number, Section_Identifier, Grade) VALUES (20, 176, A);
INSERT INTO enrollment (Student_number, Section_Identifier, Grade) VALUES (25, 176, F);
INSERT INTO enrollment (Student_number, Section_Identifier, Grade) VALUES (9, 176, A);
INSERT INTO enrollment (Student_number, Section_Identifier, Grade) VALUES (7, 176, A);
INSERT INTO enrollment (Student_number, Section_Identifier, Grade) VALUES (48, 187, B);
INSERT INTO enrollment (Student_number, Section_Identifier, Grade) VALUES (40, 187, D);
INSERT INTO enrollment (Student_number, Section_Identifier, Grade) VALUES (9, 187, D);
INSERT INTO enrollment (Student_number, Section_Identifier, Grade) VALUES (39, 187, A);
INSERT INTO enrollment (Student_number, Section_Identifier, Grade) VALUES (28, 187, F);
INSERT INTO enrollment (Student_number, Section_Identifier, Grade) VALUES (50, 187, F);
INSERT INTO enrollment (Student_number, Section_Identifier, Grade) VALUES (10, 187, A);
INSERT INTO enrollment (Student_number, Section_Identifier, Grade) VALUES (15, 194, D);
INSERT INTO enrollment (Student_number, Section_Identifier, Grade) VALUES (38, 194, B);
INSERT INTO enrollment (Student_number, Section_Identifier, Grade) VALUES (28, 194, F);
INSERT INTO enrollment (Student_number, Section_Identifier, Grade) VALUES (31, 194, C);
INSERT INTO enrollment (Student_number, Section_Identifier, Grade) VALUES (40, 194, F);
INSERT INTO enrollment (Student_number, Section_Identifier, Grade) VALUES (44, 194, D);
INSERT INTO enrollment (Student_number, Section_Identifier, Grade) VALUES (50, 194, A);





INSERT INTO course (Course_name, Department, Course_number, Credit_hours) VALUES (Intro to Computer Science, CS, 3770, 3);
INSERT INTO course (Course_name, Department, Course_number, Credit_hours) VALUES (Data Structures, CS, 7680, 4);
INSERT INTO course (Course_name, Department, Course_number, Credit_hours) VALUES (Database, CS, 8620, 3);
INSERT INTO course (Course_name, Department, Course_number, Credit_hours) VALUES (Christ and the Moral Life, THEO, 6640, 3);
INSERT INTO course (Course_name, Department, Course_number, Credit_hours) VALUES (Teachings of the Catholic Church, THEO, 5690, 3);
INSERT INTO course (Course_name, Department, Course_number, Credit_hours) VALUES (Theology of the Body, THEO, 4020, 4);
INSERT INTO course (Course_name, Department, Course_number, Credit_hours) VALUES (World History I, HIST, 5060, 3);
INSERT INTO course (Course_name, Department, Course_number, Credit_hours) VALUES (World History II, HIST, 7940, 4);
INSERT INTO course (Course_name, Department, Course_number, Credit_hours) VALUES (American History I, HIST, 2320, 4);
INSERT INTO course (Course_name, Department, Course_number, Credit_hours) VALUES (American History II, HIST, 4780, 4);
INSERT INTO course (Course_name, Department, Course_number, Credit_hours) VALUES (Space History, HIST, 3100, 4);
INSERT INTO course (Course_name, Department, Course_number, Credit_hours) VALUES (Linear Algebra, MATH, 1280, 4);
INSERT INTO course (Course_name, Department, Course_number, Credit_hours) VALUES (Calculus I, MATH, 9840, 3);
INSERT INTO course (Course_name, Department, Course_number, Credit_hours) VALUES (Calculus II, MATH, 5870, 4);
INSERT INTO course (Course_name, Department, Course_number, Credit_hours) VALUES (Calculus III, MATH, 8770, 3);
INSERT INTO course (Course_name, Department, Course_number, Credit_hours) VALUES (Discrete Mathematics, MATH, 9530, 4);




INSERT INTO section (Section_identifier, Department, Course_number, Semester, Year, Instructor) VALUES (5, CS, 3770, Fall, 2016, Kathi Carey);
INSERT INTO section (Section_identifier, Department, Course_number, Semester, Year, Instructor) VALUES (14, CS, 7680, Fall, 2016, Carlo Coley);
INSERT INTO section (Section_identifier, Department, Course_number, Semester, Year, Instructor) VALUES (24, CS, 8620, Fall, 2017, Waylon Russo);
INSERT INTO section (Section_identifier, Department, Course_number, Semester, Year, Instructor) VALUES (35, THEO, 6640, Spring, 2016, Waylon Russo);
INSERT INTO section (Section_identifier, Department, Course_number, Semester, Year, Instructor) VALUES (41, THEO, 5690, Fall, 2016, Margarito Button);
INSERT INTO section (Section_identifier, Department, Course_number, Semester, Year, Instructor) VALUES (53, THEO, 4020, Spring, 2017, Carlo Coley);
INSERT INTO section (Section_identifier, Department, Course_number, Semester, Year, Instructor) VALUES (62, HIST, 5060, Spring, 2017, Kathi Carey);
INSERT INTO section (Section_identifier, Department, Course_number, Semester, Year, Instructor) VALUES (78, HIST, 7940, Fall, 2017, Waylon Russo);
INSERT INTO section (Section_identifier, Department, Course_number, Semester, Year, Instructor) VALUES (89, HIST, 2320, Fall, 2016, Margarito Button);
INSERT INTO section (Section_identifier, Department, Course_number, Semester, Year, Instructor) VALUES (96, HIST, 4780, Fall, 2016, Jaleesa Hammonds);
INSERT INTO section (Section_identifier, Department, Course_number, Semester, Year, Instructor) VALUES (101, HIST, 3100, Spring, 2017, Waylon Russo);
INSERT INTO section (Section_identifier, Department, Course_number, Semester, Year, Instructor) VALUES (113, MATH, 1280, Fall, 2017, Michale Stallworth);
INSERT INTO section (Section_identifier, Department, Course_number, Semester, Year, Instructor) VALUES (127, MATH, 9840, Spring, 2017, Waylon Russo);
INSERT INTO section (Section_identifier, Department, Course_number, Semester, Year, Instructor) VALUES (133, MATH, 5870, Fall, 2016, Margarito Button);
INSERT INTO section (Section_identifier, Department, Course_number, Semester, Year, Instructor) VALUES (145, MATH, 8770, Fall, 2017, Carlo Coley);
INSERT INTO section (Section_identifier, Department, Course_number, Semester, Year, Instructor) VALUES (156, MATH, 9530, Fall, 2016, Kathi Carey);
INSERT INTO section (Section_identifier, Department, Course_number, Semester, Year, Instructor) VALUES (164, CS, 7680, Fall, 2017, Waylon Russo);
INSERT INTO section (Section_identifier, Department, Course_number, Semester, Year, Instructor) VALUES (176, THEO, 6640, Spring, 2017, Kathi Carey);
INSERT INTO section (Section_identifier, Department, Course_number, Semester, Year, Instructor) VALUES (187, MATH, 5870, Spring, 2016, Margarito Button);
INSERT INTO section (Section_identifier, Department, Course_number, Semester, Year, Instructor) VALUES (194, HIST, 4780, Spring, 2017, Waylon Russo);




INSERT INTO prerequisite (Department, Course_number, Prereq_department, Prereq_course_number) VALUES (CS, 7680, CS, 3770);
INSERT INTO prerequisite (Department, Course_number, Prereq_department, Prereq_course_number) VALUES (CS, 8620, CS, 7680);
INSERT INTO prerequisite (Department, Course_number, Prereq_department, Prereq_course_number) VALUES (THEO, 6640, THEO, 5690);
INSERT INTO prerequisite (Department, Course_number, Prereq_department, Prereq_course_number) VALUES (THEO, 4020, THEO, 6640);
INSERT INTO prerequisite (Department, Course_number, Prereq_department, Prereq_course_number) VALUES (HIST, 7940, HIST, 5060);
INSERT INTO prerequisite (Department, Course_number, Prereq_department, Prereq_course_number) VALUES (HIST, 4780, HIST, 2320);
INSERT INTO prerequisite (Department, Course_number, Prereq_department, Prereq_course_number) VALUES (MATH, 5870, MATH, 9840);
INSERT INTO prerequisite (Department, Course_number, Prereq_department, Prereq_course_number) VALUES (MATH, 8770, MATH, 5870);
INSERT INTO prerequisite (Department, Course_number, Prereq_department, Prereq_course_number) VALUES (MATH, 9530, MATH, 8770);